FutureMonth,PredictedSales
2026-01,170699.27536231885
2026-02,175801.884057971
2026-03,180904.49275362317
2026-04,186007.1014492754
2026-05,191109.71014492755
2026-06,196212.3188405797
